Gender,FavSeason,WritingHand,Year,College,Domestic,FromMinnesota,OnCampus,Shower,Movie,Hair,FavSocialMedia,HoursSpentOnSocialMedia,HoursExercise,HoursClasses,SleepWeekday,SleepWeekend,LegalizingMarijuana,HighSchoolGPA,CollegeGPA,Tattoos,TrafficTickets,TextWhileDriving,Chocholate
Female,Fall,Right,Freshman,CBS,U.S.,No,Yes,Evening,None,200,TikTok,2,2,2,8,8,Yes,4,0,2,1,Yes,15
Female,Fall,Right,Freshman,CBS,U.S.,Yes,Yes,Depends,None,0,TikTok,3,1,5,6,9,Yes,3.7,0,0,0,No,17
Female,Summer,Right,Junior,CBS,U.S.,Yes,No,Evening,1,0,Instagram,2,1,8,8,12,No,3.8,3.5,0,0,No,21
Female,Fall,Right,Freshman,CBS,U.S.,No,Yes,Depends,4 or more,180,TikTok,4,1,7,6,8,Yes,3.9,0,1,0,Yes,23
Female,Fall,Right,Junior,CBS,U.S.,No,Yes,Evening,None,0,TikTok,3,0,5,6,7,Yes,3.99,3.89,0,0,No,27
Female,Fall,Right,Junior,CBS,U.S.,Yes,Yes,Evening,None,65,YouTube,1,1,5,8,8,Yes,3.56,3.76,0,0,No,30
Male,Fall,Right,Sophomore,CBS,U.S.,Yes,No,Morning,None,0,Others,2,1,4,8,8,Yes,4,3.87,0,0,No,30
Male,Winter,Right,Freshman,CBS,U.S.,No,Yes,Evening,None,0,YouTube,2,1,4,8,10,Yes,3.93,0,0,-1,No,30
Female,Winter,Right,Sophomore,CBS,U.S.,Yes,Yes,Depends,1,45,Instagram,1,1,6,8,9,No,4,3.7,0,0,No,31
Male,Summer,Right,Sophomore,CBS,U.S.,No,Yes,Morning,1,25,Others,2,1.5,4,7,8,Not sure,4,3.71,0,0,No,31
Male,Winter,Right,Freshman,CBS,U.S.,No,Yes,Evening,None,48,YouTube,2,1.5,3,8,8,Not sure,4,0,0,1,No,32
Male,Spring,Right,Freshman,CBS,U.S.,No,Yes,Morning,2,30,Instagram,3,2,3,7,6,Yes,4,0,0,1,No,32
Female,Fall,Right,Senior,CBS,U.S.,Yes,Yes,Depends,None,300,TikTok,4,1,2,6,5,Yes,3.6,3.6,5,3,Yes,32
Male,Fall,Right,Sophomore,CBS,U.S.,Yes,Yes,Morning,1,14,YouTube,2,2,6,8,9,No,4,3.2,0,0,No,34
Female,Fall,Right,Sophomore,CBS,U.S.,Yes,No,Evening,None,0,TikTok,3,1,14,7,8,Not sure,0,3.857,0,0,No,34
Female,Fall,Right,Sophomore,CBS,U.S.,Yes,Yes,Evening,None,30,Instagram,1,1,4,8,9,Yes,4,3.2,0,0,No,35
Female,Spring,Right,Freshman,CBS,U.S.,No,Yes,Depends,1,40,Instagram,2,2,4,7,9,Yes,4,0,0,1,Yes,35
Male,Fall,Right,Junior,CBS,U.S.,Yes,No,Depends,None,65,YouTube,2,0,2,7,7,Yes,3.5,3.5,0,-1,No,35
Female,Fall,Right,Sophomore,CBS,U.S.,Yes,No,Evening,None,200,Instagram,2,2,6,6,7,Yes,3.51,3.2,0,1,Yes,35
Female,Fall,Right,Senior,CBS,U.S.,Yes,No,Evening,None,50,Instagram,4,1.5,4,5,7,Yes,4,3.2,2,0,No,35
Male,Fall,Right,Sophomore,CBS,U.S.,Yes,Yes,Evening,1,36,Instagram,2,2,3,7,9,Yes,3.9,3.4,0,0,No,36
Female,Summer,Right,Sophomore,CBS,U.S.,Yes,Yes,Evening,None,300,TikTok,4,1.5,4,6,8,Not sure,3.98,3.357,6,0,No,36
Male,Fall,Right,Freshman,CBS,U.S.,Yes,Yes,Evening,None,30,TikTok,3,2,6,9,10,Yes,4,4,0,0,Yes,37
Female,Fall,Right,Junior,CBS,U.S.,Yes,Yes,Morning,None,75,TikTok,4,2,8,5,7,Yes,3.81,3.6,0,0,No,37
Female,Fall,Right,Freshman,CBS,U.S.,Yes,Yes,Depends,1,0,Others,5,7,4,7,8,Yes,4,0,0,0,No,37
Male,Fall,Right,Sophomore,CBS,U.S.,Yes,No,Morning,2,40,TikTok,6,2,2,7,6,Not sure,3.3,3.45,0,0,Yes,37
Female,Fall,Right,Sophomore,CBS,U.S.,Yes,Yes,Depends,2,350,TikTok,3,0.6,8,7,9,Not sure,3.89,3.5,2,0,Yes,38
Female,Summer,Right,Sophomore,CBS,U.S.,Yes,Yes,Evening,2,200,TikTok,3,1,4,6,8,Yes,4,3.75,2,0,Yes,39
Male,Fall,Right,Freshman,CBS,U.S.,Yes,Yes,Morning,None,60,YouTube,1,2,3,7,8,Yes,3.9,0,0,0,No,40
Male,Spring,Right,Sophomore,CBS,U.S.,No,No,Evening,None,0,YouTube,2,1,2,8,8,Yes,3.5,3.7,0,3,Yes,40
Male,Spring,Right,Freshman,CBS,U.S.,No,Yes,Morning,1,20,TikTok,2,1,3,7,9,Yes,3.95,0,0,-1,No,40
Female,Fall,Right,Sophomore,CBS,U.S.,No,Yes,Evening,None,170,TikTok,2,1,3,8,6,Yes,4,3.2,0,0,Yes,40
Female,Fall,Right,Sophomore,CBS,International,Yes,Yes,Depends,2,12,Instagram,3,0.5,7,5,7,Not sure,3.8,3.7,0,0,No,40
Female,Spring,Right,Freshman,CBS,U.S.,Yes,No,Evening,1,50,TikTok,3,1,6,7,11,Not sure,3.9,0,0,0,No,40
Female,Summer,Right,Junior,CBS,U.S.,Yes,No,Morning,None,40,TikTok,4,2,5,6,7,Not sure,4,2.8,0,0,No,40
Male,Winter,Right,Freshman,CBS,U.S.,Yes,No,Depends,1,18,TikTok,5,0,5,6,12,Not sure,3.6,0,0,0,No,40
Female,Winter,Right,Junior,CBS,U.S.,Yes,Yes,Evening,1,40,TikTok,5,1,4,7,8,Yes,4,3.5,1,0,Yes,40
Male,Winter,Right,Freshman,CBS,U.S.,No,Yes,Evening,4 or more,18,TikTok,6,2,2,6,9,Yes,3.92,0,0,0,No,40
Female,Summer,Right,Junior,CBS,U.S.,Yes,Yes,Depends,None,250,TikTok,1.5,1,3,7,8,Yes,3.99,4,0,0,No,41
Female,Summer,Right,Sophomore,CBS,U.S.,No,No,Evening,1,25,TikTok,2,1,5,7,9,No,4,3.9,0,0,No,41
Male,Spring,Right,Freshman,CBS,U.S.,Yes,Yes,Depends,None,0,YouTube,2,0,1.5,7,9,Yes,3.979,0,0,0,No,42
Female,Summer,Right,Sophomore,CBS,U.S.,No,Yes,Morning,1,55,TikTok,2,2,4,6,7,Yes,4,3.67,0,1,No,42
Female,Winter,Right,Sophomore,CBS,U.S.,No,No,Evening,None,90,Others,2,1,4,7,9,Yes,3.8,3.9,0,0,No,42
Male,Fall,Right,Freshman,CBS,U.S.,Yes,Yes,Evening,None,0,TikTok,2,1,4,7,9,No,3.99,4,0,0,Yes,43
Male,Winter,Right,Junior,CBS,U.S.,Yes,No,Depends,None,0,Instagram,2,3,5,5,24,Not sure,0,0,0,0,No,43
Female,Spring,Right,Freshman,CBS,U.S.,Yes,Yes,Evening,None,0,Instagram,3,1,4,7,10,Yes,4,4,0,0,No,43
Female,Summer,Right,Freshman,CBS,U.S.,Yes,Yes,Morning,2,30,TikTok,3,2,6,8,8,Yes,4,0,0,0,No,43
Female,Summer,Right,Junior,CBS,U.S.,No,Yes,Morning,1,80,TikTok,3,1,8,7,8,Not sure,4,3.6,0,3,No,43
Female,Spring,Right,Sophomore,CBS,U.S.,No,Yes,Evening,None,215,TikTok,8,0.25,6,10,8,Yes,3.948,3.615,2,0,Yes,43
Female,Summer,Right,Sophomore,CBS,U.S.,Yes,Yes,Depends,None,65,Instagram,2,2,6,7,8,Yes,3.8,3.5,0,0,Yes,44
Male,Fall,Right,Junior,CBS,U.S.,No,Yes,Morning,None,35,TikTok,1,1,4,8,7,Yes,3.5,3.5,1,4,No,45
Female,Spring,Right,Sophomore,CBS,U.S.,Yes,No,Depends,1,45,Instagram,2,1,4,7,8,Not sure,3.8,3.4,0,0,No,45
Female,Winter,Right,Sophomore,CBS,U.S.,Yes,Yes,Evening,1,50,TikTok,3,1,5,8,10,Yes,4,3.99,0,1,Yes,45
Female,Spring,Right,Junior,CBS,U.S.,No,Yes,Depends,None,55,Instagram,3,1,10,6,8,Yes,3.66,3.503,0,0,No,45
Female,Fall,Right,Sophomore,CBS,U.S.,Yes,No,Evening,2,140,TikTok,3,1,4,8,10,Yes,3.6,3.75,0,1,No,45
Female,Fall,Right,Sophomore,CBS,U.S.,Yes,Yes,Depends,1,20,TikTok,4,1,7,7,9,Yes,4,3.93,0,0,No,45
Male,Winter,Right,Sophomore,CBS,Prefer not to answer,No,No,Depends,None,0,Others,1,1,9,8,8,Yes,3.7,3.4,0,0,No,46
Female,Fall,Right,Freshman,CBS,U.S.,Yes,No,Depends,1,15,YouTube,2,1,4,8,8,Yes,3.8,3.6,0,0,No,46
Female,Fall,Right,Sophomore,CBS,U.S.,Yes,Yes,Morning,1,145,YouTube,2,3,5,7.5,7.5,Yes,4,3.7,0,0,No,46
Male,Fall,Left,Freshman,CBS,U.S.,Yes,No,Evening,None,20,Instagram,3,0,4,6,7,Not sure,3.8,4,0,-1,No,46
Female,Spring,Right,Freshman,CBS,U.S.,Yes,Yes,Evening,1,120,YouTube,3,0,4,7,8,Yes,3.98,0,0,0,No,46
Male,Summer,Right,Sophomore,CBS,U.S.,Yes,Yes,Depends,None,30,Instagram,2,1,3,8,8,Yes,3.7,0,0,0,No,47
Female,Winter,Right,Sophomore,CBS,U.S.,Yes,Yes,Depends,1,0,Instagram,3,1,8,8,8,Yes,3.97,3.8,0,0,No,47
Female,Summer,Right,Junior,CBS,U.S.,Yes,Yes,Evening,None,30,TikTok,3,1,4,8,8,Yes,4,3.9,0,0,No,47
Female,Fall,Right,Junior,CBS,U.S.,No,No,Evening,1,300,TikTok,3,0.5,6,8,8,Yes,3.95,3.5,0,0,No,47
Female,Summer,Right,Sophomore,CBS,U.S.,Yes,Yes,Morning,1,35,TikTok,3.5,0.5,6,7,8,No,4,3.711,0,0,Yes,47
Female,Spring,Right,Sophomore,CBS,U.S.,No,No,Depends,None,30,TikTok,1,1,5,9,10,Yes,3.93,3.24,2,0,No,48
Female,Fall,Right,Freshman,CBS,U.S.,Yes,No,Morning,1,50,TikTok,2,1,4,5,8,No,3.9,0,0,-1,No,48
Female,Spring,Right,Freshman,CBS,U.S.,Yes,No,Morning,1,100,Instagram,4,1.5,7,7,10,Not sure,3.8,0,0,0,No,48
Female,Summer,Right,Sophomore,CBS,U.S.,Yes,No,Evening,None,20,TikTok,5,1,5,7,9,Yes,3.99,3.9,0,0,No,48
Male,Summer,Right,Junior,CBS,U.S.,No,No,Depends,1,0,TikTok,2,2,2,7,8,Yes,3.7,3.3,1,1,No,49
Male,Winter,Right,Freshman,CBS,U.S.,Yes,No,Depends,None,50,YouTube,2,3.5,7,7,8,Not sure,3.7,0,0,0,No,49
Female,Fall,Left,Senior,CBS,U.S.,No,No,Morning,1,200,Instagram,3,1,6,8,8,Yes,3.95,3.3,0,0,No,49
Female,Fall,Right,Senior,CBS,U.S.,No,No,Evening,1,30,Others,1,0,6,7,7,Not sure,4,3.6,0,0,No,50
Female,Summer,Right,Junior,CBS,U.S.,Yes,Yes,Morning,1,0,TikTok,2,1,3,6,6,Yes,3.8,3.6,1,0,Yes,50
Female,Spring,Right,Freshman,CBS,U.S.,No,Yes,Morning,1,40,TikTok,2,1,5,8,10,Yes,4,0,0,0,No,50
Male,Spring,Right,Sophomore,CBS,U.S.,Yes,Yes,Depends,1,25,Instagram,3,2,8,7,9,Yes,3.93,3.53,2,0,No,50
Female,Fall,Left,Sophomore,CBS,U.S.,Yes,No,Depends,None,160,TikTok,4,1,6,7,7,Yes,3.7,3.7,1,1,No,50
Male,Fall,Right,Freshman,CBS,U.S.,No,Yes,Evening,2,15,TikTok,5,2,4,8,8,Yes,4,0,0,1,Yes,50
Female,Winter,Right,Freshman,CBS,U.S.,Yes,Yes,Evening,None,50,YouTube,5,1,5,8,9,Yes,3.8,0,0,0,No,50
Male,Summer,Right,Freshman,CBS,U.S.,Yes,Yes,Depends,None,20,TikTok,1.5,2,4,8,9,Yes,3.8,0,0,0,No,51
Female,Spring,Right,Freshman,CBS,U.S.,Yes,Yes,Evening,1,50,YouTube,2,1,2,7,9,Yes,4,4,0,0,No,51
Female,Summer,Right,Freshman,CBS,U.S.,Yes,Yes,Morning,1,50,Instagram,2,1,3,6,10,No,3.9,0,0,0,No,52
Female,Fall,Right,Freshman,CBS,U.S.,No,Yes,Morning,1,50,TikTok,3,1,3,7,8,Yes,4,0,0,0,No,52
Female,Fall,Right,Freshman,CBS,U.S.,Yes,Yes,Morning,None,25,YouTube,2,1,6,7,9,No,3.9,4,0,0,No,53
Female,Fall,Right,Freshman,CBS,U.S.,Yes,Yes,Evening,None,0,YouTube,4,2,5,7,8,Not sure,3.9,0,0,0,No,53
Female,Fall,Right,Freshman,CBS,U.S.,Yes,Yes,Evening,None,60,YouTube,4,4,8,6,10,Not sure,3.998,4,0,0,No,53
Female,Fall,Right,Freshman,CBS,U.S.,Yes,Yes,Evening,None,45,TikTok,1,1,4,8,12,Not sure,4,0,0,0,No,54
Female,Summer,Right,Sophomore,CBS,U.S.,No,Yes,Evening,1,120,Instagram,3,2,5,7,5,Not sure,4,3.2,0,0,No,54
Male,Fall,Right,Junior,CBS,U.S.,No,No,Morning,1,25,Instagram,3,2,5,7,10,Yes,4,3.9,2,2,Yes,55
Male,Summer,Right,Junior,CBS,U.S.,No,Yes,Depends,1,45,Instagram,3,2,3,7,9,Yes,3.5,3.2,0,1,Yes,55
Male,Winter,Right,Freshman,CBS,U.S.,Yes,Yes,Morning,2,30,Instagram,4,1,8,8,7,No,3.887,0,0,0,No,55
Female,Summer,Right,Freshman,CBS,U.S.,No,Yes,Morning,1,0,Others,3,1,3,7,8,No,4,0,1,0,No,57
Male,Spring,Right,Sophomore,CBS,U.S.,Yes,No,Morning,None,50,YouTube,1.5,2,4,8,10,Not sure,3.92,3.35,0,0,No,58
Female,Winter,Right,Junior,CBS,U.S.,Yes,Yes,Depends,None,150,TikTok,2,2,5,9,10,Yes,3.7,3,0,1,No,58
Female,Summer,Right,Junior,CBS,U.S.,No,Yes,Evening,None,20,TikTok,5,1,5,8,8,Yes,4,3.8,0,0,No,59
Female,Fall,Right,Freshman,CBS,U.S.,Yes,Yes,Depends,1,40,TikTok,1,1,4,7,7,Yes,3.9,0,0,0,No,60
Female,Summer,Right,Sophomore,CBS,U.S.,Yes,Yes,Evening,1,35,Instagram,2,0,5,6,9,Yes,4,3.67,0,-1,No,60
Female,Summer,Left,Freshman,CBS,U.S.,Yes,Yes,Evening,None,45,Instagram,3,1,3,7,10,Not sure,3.87,0,0,0,No,60
Female,Summer,Left,Junior,CBS,U.S.,Yes,Yes,Depends,2,75,TikTok,3,2,10,6,7,Not sure,4,3.75,0,0,No,60
Female,Fall,Right,Freshman,CBS,U.S.,Yes,Yes,Evening,4 or more,110,TikTok,3,1,5,7,7,Not sure,4,0,0,0,No,60
Male,Winter,Right,Freshman,CBS,U.S.,Yes,Yes,Evening,1,0,YouTube,4,1,4,8,7,Not sure,3.9,0,0,-1,No,62
Other/Prefer not to answer,Summer,Right,Senior,CBS,U.S.,No,No,Morning,None,60,TikTok,3,1,4,9,9,Yes,4,3.6,7,0,No,64
Female,Spring,Right,Freshman,CBS,U.S.,Yes,Yes,Depends,None,210,YouTube,3,0.5,5,8,8,Not sure,4,3.8,0,1,No,64
Female,Spring,Right,Freshman,CBS,U.S.,Yes,Yes,Evening,None,45,TikTok,4,2,3,8,10,Yes,4,0,0,0,No,64
Female,Fall,Right,Junior,CBS,International,No,Yes,Depends,None,9,Instagram,2,1,5,6,8,Yes,3.5,3.8,0,-1,No,65
Female,Fall,Right,Sophomore,CBS,U.S.,Yes,Yes,Depends,None,170,Instagram,3,1,5,8,7,Yes,3.9,3.6,0,0,No,65
Male,Spring,Right,Freshman,CBS,U.S.,Yes,Yes,Evening,None,30,YouTube,7,0,12,6,8,Not sure,3.72,2.96,0,-1,No,65
Other/Prefer not to answer,Fall,Right,Sophomore,CBS,U.S.,Yes,Yes,Depends,None,40,TikTok,2,1,7,7,9,Yes,3.6,2.5,0,0,No,66
Other/Prefer not to answer,Summer,Right,Junior,CBS,U.S.,Yes,No,Evening,None,35,Instagram,1,2.5,4,5,6,Yes,3.89,3.02,4,0,No,67
Female,Winter,Right,Sophomore,CBS,U.S.,Yes,No,Evening,1,30,TikTok,3,2,3,8,9,No,4,3.67,0,0,Yes,67
Female,Spring,Right,Freshman,CBS,U.S.,Yes,Yes,Depends,None,0,YouTube,2,0,5,9,11,Yes,3.91,0,0,0,No,69
Female,Fall,Right,Senior,CBS,U.S.,Yes,No,Depends,1,50,TikTok,5,2,4,7,8,Yes,4,3.78,1,0,No,69
Female,Fall,Right,Sophomore,CBS,U.S.,No,Yes,Evening,2,40,TikTok,3,1,3,8,9,Yes,4,3.5,2,0,Yes,70
Female,Summer,Right,Senior,CBS,U.S.,Yes,Yes,Depends,None,130,Instagram,2,2,8,5,8,Yes,4,3.2,0,0,Yes,72
Female,Spring,Right,Freshman,CBS,U.S.,Yes,Yes,Evening,3,45,TikTok,3,2,3,7,10,Yes,4,0,0,0,Yes,72
Female,Spring,Right,Freshman,CBS,U.S.,Yes,Yes,Evening,3,45,TikTok,3,2,3,6,10,Yes,4,0,0,0,No,72
Female,Fall,Right,Freshman,CBS,U.S.,Yes,Yes,Depends,None,130,Instagram,1,2,4,7,8,No,3.9,0,0,0,No,75
Male,Summer,Right,Sophomore,CBS,U.S.,Yes,No,Morning,2,13,Others,2,1,5,9,8,Yes,3.94,4,0,0,Yes,75
Female,Summer,Left,Freshman,CBS,U.S.,No,Yes,Depends,1,120,Instagram,2,1.5,6,7,9,Not sure,3.99,0,0,0,No,75
Female,Spring,Right,Junior,CBS,U.S.,Yes,No,Depends,2,160,Instagram,5,1,5,7,12,Yes,3.93,3.45,0,0,No,75
Female,Spring,Right,Junior,CBS,U.S.,Yes,Yes,Evening,None,0,TikTok,1,2,3,8,8,Yes,4,3.9,0,0,No,80
Male,Spring,Left,Junior,CBS,U.S.,Yes,Yes,Evening,2,18,YouTube,2,1,8,7,10,Yes,3.98,3.4,0,0,No,80
Female,Winter,Right,Freshman,CBS,U.S.,Yes,No,Evening,None,30,Instagram,2,1,4,7,8,No,4,0,0,0,No,80
Male,Summer,Right,Sophomore,CBS,U.S.,Yes,Yes,Evening,None,35,TikTok,2,2,4,6,8,Yes,3.9,3.4,0,0,No,90
Female,Spring,Right,Senior,CBS,U.S.,Yes,No,Morning,None,120,TikTok,3,0.5,3,7,10,Yes,3.47,3.228,3,2,No,90
Male,Summer,Right,Junior,CBS,U.S.,Yes,No,Morning,None,13,YouTube,3,1,6,7.5,8,Not sure,3.9,3.9,0,0,No,100
Female,Winter,Right,Freshman,CBS,U.S.,No,Yes,Evening,2,60,TikTok,5,1,6,6,8,Yes,3.8,0,0,0,Yes,125
Female,Summer,Right,Freshman,CBS,U.S.,No,Yes,Depends,1,40,TikTok,3,1,5,7,8,Not sure,3.9,0,0,0,No,130
Female,Fall,Right,Junior,CBS,U.S.,Yes,Yes,Depends,None,50,Instagram,2,1,8,7,8,Yes,3.9,3,1,2,No,169
Other/Prefer not to answer,Fall,Right,Freshman,CBS,U.S.,Yes,Yes,Evening,None,40,TikTok,2,1,2,4,9,Yes,3.9,0,1,0,No,182
Female,Summer,Right,Junior,CBS,U.S.,No,Yes,Evening,1,80,TikTok,3,1,6,7,8,Not sure,4,3.6,0,2,No,
Female,Fall,Right,Sophomore,CBS,U.S.,Yes,No,Evening,2,140,TikTok,5,1,4,8,10,Yes,3.6,3.75,0,1,Yes,
Male,Winter,Right,Junior,CFANS,International,No,Yes,Evening,4 or more,40,TikTok,2,1,5,7,8,No,3.5,3.5,0,0,No,20
Male,Spring,Right,Sophomore,CFANS,U.S.,Yes,No,Depends,None,30,Others,3,1,4,6.5,7,Yes,3.65,3.65,0,0,No,23
Female,Spring,Right,Sophomore,CFANS,U.S.,Yes,No,Depends,1,0,Instagram,4,1,5,7,8,Not sure,3.4,3,0,-1,No,23
Female,Fall,Right,Junior,CFANS,U.S.,Yes,Yes,Morning,None,30,Twitter,1,2,8,6,8,Yes,3.3,3,1,0,Yes,24
Male,Fall,Right,Junior,CFANS,U.S.,Yes,No,Morning,None,0,Instagram,1,1,4,7,8,Yes,3.7,3.2,0,1,Yes,29
Female,Spring,Right,Sophomore,CFANS,U.S.,Yes,Yes,Depends,1,40,Facebook,5,2,12,7,8,Yes,3.7,3.5,0,0,No,30
Male,Fall,Right,Freshman,CFANS,U.S.,Yes,Yes,Depends,None,25,Instagram,2,2,7,7,8,Not sure,3.9,0,0,1,No,33
Female,Fall,Right,Sophomore,CFANS,U.S.,Yes,No,Morning,None,75,Others,2,0.5,4.5,7,9,Yes,3.8,3.1,0,0,No,34
Female,Fall,Right,Sophomore,CFANS,U.S.,No,Yes,Morning,None,25,Instagram,1,2,9,6,8,Not sure,3.7,3.81,0,1,Yes,35
Female,Summer,Right,Junior,CFANS,U.S.,Prefer not to answer,No,Evening,None,50,Twitter,1.5,0.5,5,6,7,Not sure,3.34,3.56,0,-1,No,35
Female,Fall,Right,Junior,CFANS,U.S.,Yes,No,Depends,1,320,Others,6,1.5,4,7,7,Yes,3.8,3.5,0,0,Yes,35
Female,Spring,Right,Junior,CFANS,U.S.,Yes,Yes,Evening,None,200,TikTok,6,1.5,3,7,9,Yes,4,3.9,3,0,Yes,36
Female,Fall,Right,Sophomore,CFANS,U.S.,Yes,No,Depends,1,55,TikTok,3,1,7,6,3,Yes,3.9,3.7,2,0,No,37
Male,Fall,Right,Sophomore,CFANS,U.S.,Yes,Yes,Depends,1,13,Instagram,3,1,5,7.5,6,Yes,3.89,3,1,0,No,38
Male,Fall,Right,Sophomore,CFANS,U.S.,Yes,Yes,Morning,2,40,Instagram,4,2,3,8,7,Yes,3.9,3.7,2,0,Yes,38
Female,Fall,Both,Junior,CFANS,U.S.,Yes,No,Evening,None,175,Instagram,2,6,4,6,7,Not sure,3.7,3.2,0,0,No,40
Female,Fall,Right,Senior,CFANS,U.S.,No,Yes,Evening,1,120,Instagram,1,1,4,7,8,No,4,3.9,0,0,No,42
Female,Fall,Right,Sophomore,CFANS,U.S.,Yes,Yes,Depends,None,50,Instagram,1.5,3,8,5,5,Yes,3.82,3.75,1,1,No,42
Female,Summer,Left,Senior,CFANS,U.S.,No,No,Morning,None,80,Facebook,1,2,6,9,10,Yes,3.8,3,1,1,Yes,45
Female,Fall,Right,Sophomore,CFANS,U.S.,Yes,Yes,Evening,1,150,Instagram,3,1,3,8,10,Not sure,3.82,2.8,0,0,No,47
Male,Fall,Right,Junior,CFANS,U.S.,No,Yes,Evening,2,45,TikTok,5,10,24,7,9,Yes,3.85,3.83,0,0,No,50
Female,Fall,Right,Sophomore,CFANS,U.S.,Yes,No,Evening,2,50,Instagram,3,1.5,5,8,9,Not sure,4,3.9,0,0,No,52
Female,Fall,Right,Freshman,CFANS,U.S.,No,Yes,Depends,1,150,TikTok,2,0,8,7,9,Not sure,4,0,0,0,No,54
Male,Spring,Left,Junior,CFANS,U.S.,Yes,No,Depends,1,0,Instagram,4,3,6,6,6,Yes,3.55,3.574,0,2,Yes,54
Male,Summer,Right,Sophomore,CFANS,U.S.,Yes,Yes,Depends,None,30,TikTok,3,2,3,7,10,Yes,4,3.3,0,0,No,61
Male,Fall,Right,Sophomore,CFANS,U.S.,No,No,Morning,None,30,YouTube,2,2,3,6,6,Yes,3.2,3.5,2,-1,No,64
Male,Fall,Right,Sophomore,CFANS,U.S.,No,Yes,Evening,1,27,Instagram,2,2,2,6,6,Yes,3.8,4,1,0,No,71
Female,Fall,Right,Junior,CFANS,U.S.,Yes,Yes,Evening,None,75,YouTube,1,1,2,7,9,Yes,3.85,0,1,0,No,100
Male,Summer,Right,Junior,CFANS,U.S.,Yes,No,Evening,2,30,YouTube,3,1,4,7,9,Yes,3.2,3.1,0,0,No,130
Male,Fall,Right,Senior,CLA,International,No,No,Evening,3,45,Others,4,1,2,9,9,No,3.5,3.83,0,-1,No,0
Male,Fall,Right,Sophomore,CLA,International,No,No,Morning,2,30,Others,2,2,4,7,7,No,0,2.9,0,-1,No,10
Male,Fall,Right,Freshman,CLA,U.S.,No,Yes,Morning,None,70,Instagram,2,4,5,8,10,Yes,3.86,0,0,0,No,18
Female,Summer,Right,Sophomore,CLA,U.S.,No,Yes,Evening,3,200,Instagram,8,3,4,7,10,Yes,4,3.5,0,0,Yes,20
Female,Fall,Right,Freshman,CLA,U.S.,Yes,Yes,Evening,4 or more,40,Instagram,2,1,5,5,10,Yes,4,0,0,0,No,21
Female,Fall,Right,Sophomore,CLA,U.S.,No,Yes,Depends,None,25,Instagram,3,0,2,8,9,Yes,3.9,3.6,0,0,No,22
Male,Summer,Right,Sophomore,CLA,U.S.,Yes,Yes,Depends,None,20,Instagram,1,2,4,8,8,Yes,3.8,3.5,0,0,No,23
Male,Summer,Right,Sophomore,CLA,U.S.,Yes,Yes,Evening,2,25,TikTok,2,2,6,6,7,Yes,3.5,3.4,0,0,No,26
Female,Summer,Right,Freshman,CLA,U.S.,Yes,Yes,Evening,None,170,TikTok,1.5,1,2,8,7,Not sure,3.6,0,1,0,No,27
Male,Summer,Right,Junior,CLA,U.S.,No,No,Depends,None,25,YouTube,2,1,3,6,7,Not sure,0,3.2,0,1,No,27
Male,Summer,Right,Freshman,CLA,U.S.,Yes,Yes,Morning,1,20,YouTube,6,2,6,6,8,Yes,3.87,0,0,-1,No,27
Male,Fall,Right,Sophomore,CLA,International,No,Yes,Depends,2,30,Others,2,1.5,3,9,9.5,Not sure,3.2,3.1,0,0,No,28
Male,Summer,Right,Freshman,CLA,International,No,Yes,Depends,2,3,YouTube,1,1,1.5,7,7,Not sure,3.6,0,0,-1,No,30
Male,Summer,Right,Freshman,CLA,International,No,Yes,Depends,2,3,YouTube,1,2,5,7,7,Not sure,3.6,0,0,-1,No,30
Female,Winter,Right,Junior,CLA,U.S.,Yes,Yes,Evening,None,15,YouTube,1,0.5,3,8,9,Yes,3.85,3.793,0,0,No,30
Female,Fall,Right,Freshman,CLA,U.S.,No,Yes,Evening,None,0,Instagram,2,1,3,8,10,Not sure,3.8,0,0,0,No,30
Female,Fall,Right,Sophomore,CLA,International,No,Yes,Morning,2,20,Instagram,2,1,6,7,9,Yes,0,3.8,3,0,No,30
Male,Fall,Right,Freshman,CLA,U.S.,Yes,No,Morning,None,30,Instagram,2,1,3,7,10,Yes,3.6,2.7,4,0,No,30
Female,Fall,Right,Junior,CLA,U.S.,Yes,No,Evening,None,20,YouTube,3,0.5,5,6,9,Yes,0,0,0,0,No,30
Male,Fall,Right,Sophomore,CLA,U.S.,Yes,No,Evening,None,0,TikTok,5,2,4,8,10,Yes,4,3.96,0,0,No,30
Male,Summer,Right,Sophomore,CLA,U.S.,Yes,No,Evening,3,60,Instagram,10,10,8,7,8,Not sure,3.6,2.6,0,0,No,30
Female,Summer,Right,Sophomore,CLA,U.S.,Yes,No,Depends,None,0,YouTube,5,1,7,6,8,Yes,0,3.8,0,0,Yes,31
Male,Summer,Right,Sophomore,CLA,U.S.,Yes,Yes,Depends,None,25,YouTube,0.5,2,4.5,8.5,9.5,No,3.5,3.6,0,0,No,32
Male,Summer,Right,Junior,CLA,U.S.,No,No,Morning,None,50,Instagram,1,3,2,8,10,Yes,3.7,3.8,0,2,Yes,32
Female,Fall,Right,Sophomore,CLA,U.S.,Yes,No,Depends,1,0,Instagram,2,1,3,7,8,No,3.8,3.7,0,0,No,32
Male,Summer,Right,Junior,CLA,U.S.,Yes,No,Morning,None,30,Instagram,2,1,4,7,8,Yes,3.19,3.56,0,0,No,32
Male,Fall,Right,Freshman,CLA,U.S.,Yes,Yes,Morning,None,25,YouTube,1,1,3,7,9,Yes,3.7,3.667,0,0,No,34
Male,Fall,Right,Freshman,CLA,U.S.,Yes,Yes,Morning,1,25,TikTok,2,1,2,8,8,Yes,3.79,0,0,0,Yes,34
Female,Fall,Right,Freshman,CLA,U.S.,No,Yes,Evening,None,100,TikTok,2,1,4,7,7,Not sure,3.8,0,0,0,No,34
Female,Summer,Right,Junior,CLA,U.S.,Yes,No,Depends,None,120,Instagram,2,1,4,7,8,Yes,3.6,3.9,2,0,Yes,34
Male,Summer,Left,Sophomore,CLA,U.S.,No,No,Depends,1,25,Instagram,3,2,5,5,6,Yes,3.78,3.5,0,0,No,34
Male,Fall,Right,Senior,CLA,U.S.,No,No,Depends,None,15,YouTube,4,2,5,9,10,Yes,3.6,2.6,0,0,No,34
Male,Fall,Right,Sophomore,CLA,U.S.,Yes,No,Morning,None,20,TikTok,4,2,2,6,8,Yes,3.6,3.7,0,1,No,34
Male,Fall,Right,Sophomore,CLA,U.S.,Yes,Yes,Evening,1,40,Instagram,3,2,5,7,5,Yes,4,3.9,0,2,Yes,35
Female,Fall,Right,Sophomore,CLA,U.S.,Yes,No,Depends,1,0,TikTok,4,1,5,7,9,Not sure,3.9,3.2,0,0,Yes,35
Female,Summer,Right,Junior,CLA,U.S.,Yes,No,Evening,None,0,Instagram,5,2,8,5,6,No,4,3.5,0,0,No,35
Male,Summer,Right,Sophomore,CLA,International,No,Yes,Depends,2,3,YouTube,5,1,5,7,9,Not sure,3.6,3.15,0,-1,No,35
Male,Fall,Right,Junior,CLA,U.S.,Yes,Yes,Morning,None,23,YouTube,8,1,4,7,8,No,3.2,2.6,0,0,No,35
Male,Fall,Left,Freshman,CLA,U.S.,No,Yes,Evening,None,45,YouTube,2,1,2,6,10,Yes,3.7,0,0,2,Yes,36
Female,Summer,Right,Sophomore,CLA,U.S.,Yes,Yes,Depends,None,55,Others,4,2,6,6,8,Not sure,3.45,2.22,0,0,Yes,36
Female,Fall,Right,Junior,CLA,U.S.,No,No,Evening,None,230,Instagram,5,3,10,6,8,Yes,2.7,4,3,7,Yes,36
Female,Fall,Right,Sophomore,CLA,U.S.,No,No,Morning,None,150,Instagram,2,1,3,7,9,Yes,3.6,3.4,1,1,No,37
Female,Summer,Right,Sophomore,CLA,U.S.,Yes,Yes,Morning,None,50,TikTok,4,6,6,6,7,Not sure,3.8,3.5,2,1,No,37
Male,Winter,Right,Freshman,CLA,International,No,Yes,Depends,2,300,Others,5,2,7,7,14,Not sure,3.6,0,0,-1,No,37
Female,Winter,Right,Freshman,CLA,U.S.,No,Yes,Depends,None,40,Instagram,1,0.5,4,8,10,No,3.99,0,0,0,No,38
Female,Summer,Right,Senior,CLA,U.S.,No,No,Depends,None,20,Instagram,2,2,8,9,12,Yes,3.9,3.4,2,0,No,38
Female,Fall,Right,Senior,CLA,U.S.,Yes,Yes,Evening,3,180,Instagram,2,0.45,7,8,8,Yes,3.7,3.4,0,0,No,38
Male,Summer,Right,Freshman,CLA,U.S.,No,Yes,Morning,1,12,YouTube,3,2,3,7.5,9,Yes,3.87,0,0,1,No,38
Male,Fall,Right,Junior,CLA,U.S.,No,Yes,Depends,None,20,Instagram,3,1,3,8,9,Yes,3.45,3,0,0,Yes,38
Male,Fall,Right,Sophomore,CLA,U.S.,No,Yes,Evening,4 or more,22,Instagram,8,1,3,8,10,Not sure,3.5,3.49,0,0,No,38
Female,Fall,Right,Freshman,CLA,U.S.,Yes,No,Evening,1,22,TikTok,8,1,3,6,8,Not sure,3.79,0,0,0,No,38
Male,Fall,Left,Junior,CLA,U.S.,Yes,Yes,Morning,None,30,Instagram,2,2,4,8,4,Yes,3.9,3.55,2,0,No,39
Male,Spring,Right,Junior,CLA,International,No,Yes,Evening,3,15,YouTube,1,1,2,6,7,Not sure,0,3.2,0,-1,No,40
Male,Fall,Right,Junior,CLA,U.S.,Yes,No,Depends,None,0,YouTube,2,2,3,6,8,No,3,0,1,0,No,40
Male,Summer,Right,Sophomore,CLA,U.S.,Yes,Yes,Depends,None,35,TikTok,2,2,4,8,8,Yes,3.6,3.75,0,0,No,40
Male,Summer,Right,Junior,CLA,U.S.,Yes,No,Depends,None,40,TikTok,3,1.5,2,7,8,No,3.3,3.8,0,0,No,40
Female,Spring,Right,Freshman,CLA,U.S.,Yes,No,Evening,None,0,YouTube,4,1,3,7,8,Not sure,3.92,0,0,0,No,40
Female,Summer,Right,Junior,CLA,U.S.,Yes,Yes,Evening,None,25,TikTok,4,1,5,8,5,Not sure,3.7,3.3,0,1,No,40
Male,Fall,Right,Freshman,CLA,U.S.,Yes,Yes,Depends,1,26,YouTube,4,2,2,7,11,Yes,3.7,0,0,1,No,40
Male,Summer,Left,Sophomore,CLA,U.S.,No,No,Evening,None,35,Facebook,4,2,2,6,7,Yes,3.76,2.1,0,1,Yes,40
Male,Summer,Right,Junior,CLA,International,No,No,Depends,None,30,TikTok,5,0.5,4,8,9,Yes,0,3.8,0,1,No,40
Male,Summer,Right,Sophomore,CLA,U.S.,Yes,No,Evening,None,35,YouTube,5,1,2,7,9,Not sure,3.7,3.8,0,0,No,40
Male,Summer,Right,Sophomore,CLA,International,No,No,Depends,None,50,Others,5,2,4,7,8,No,3.7,3.66,0,0,No,40
Female,Summer,Right,Freshman,CLA,U.S.,No,Yes,Depends,2,35,TikTok,6,1,4,6,8,Yes,3.7,0,0,1,No,40
Male,Summer,Right,Junior,CLA,U.S.,Yes,Yes,Morning,None,25,TikTok,2,2,4,6,8,Not sure,3.7,3.1,1,3,No,41
Male,Winter,Right,Sophomore,CLA,U.S.,Yes,Yes,Evening,None,15,Instagram,4,2,2,8,10,Yes,3.2,3.23,0,0,No,41
Male,Fall,Right,Junior,CLA,U.S.,No,Yes,Depends,None,25,Instagram,5,2,2,8,9,Yes,3.7,3.5,0,0,No,41
Male,Fall,Right,Junior,CLA,U.S.,Yes,Yes,Evening,None,0,YouTube,1,2,3,8,10,Yes,3.87,3.1,0,1,No,42
Male,Fall,Right,Junior,CLA,U.S.,Yes,No,Evening,None,48,TikTok,1,1.5,5,6,6,Yes,3.2,3.5,7,0,No,42
Female,Fall,Right,Senior,CLA,U.S.,No,Yes,Depends,None,80,TikTok,2,1.5,5,6,9,Not sure,3.4,3.4,9,2,No,42
Female,Fall,Right,Sophomore,CLA,U.S.,No,Yes,Depends,None,100,YouTube,2,1,4,8,8,Yes,3.8,3.9,0,0,No,42
Other/Prefer not to answer,Winter,Right,Senior,CLA,U.S.,Yes,Yes,Morning,3,250,YouTube,2,0,6,8,10,Yes,3.9,3.4,2,2,No,42
Female,Summer,Right,Sophomore,CLA,U.S.,Yes,No,Depends,None,460,TikTok,2,1,3,8,10,Yes,3.7,3.2,3,2,Yes,42
Female,Spring,Right,Sophomore,CLA,U.S.,Yes,No,Evening,None,0,Twitter,4,0,6,5,6,Yes,3.9,3.8,0,-1,No,42
Female,Summer,Right,Sophomore,CLA,U.S.,Yes,No,Morning,2,40,TikTok,5,1,8,7,9,Yes,4,3.7,1,0,No,42
Male,Fall,Right,Sophomore,CLA,U.S.,Yes,Yes,Evening,None,50,Twitter,8,2,4,6,9,Yes,3.8,3.5,3,0,No,42
Male,Fall,Right,Freshman,CLA,U.S.,No,Yes,Morning,None,20,TikTok,10,1,10,7,4,Not sure,3.6,0,0,0,No,42
Female,Winter,Right,Others (PSEO or Post graduate),CLA,U.S.,Yes,No,Morning,None,50,TikTok,2,1,3,8,8,Yes,3.89,0,0,0,No,43
Female,Summer,Right,Sophomore,CLA,U.S.,Yes,No,Evening,None,120,Instagram,4,2,6,7,9,Not sure,2.98,0,0,0,No,43
Female,Fall,Right,Sophomore,CLA,U.S.,No,No,Depends,None,126,TikTok,4,3,6,7,8,Yes,4,3.98,2,0,No,43
Male,Fall,Right,Sophomore,CLA,U.S.,Yes,Yes,Evening,None,40,YouTube,6,1,2,7,9,No,3.4,2.9,0,0,No,43
Male,Summer,Right,Senior,CLA,International,No,No,Evening,2,45,Instagram,6,2,8,6,7,No,0,3.67,0,-1,No,43
Female,Summer,Right,Sophomore,CLA,U.S.,Yes,Yes,Depends,2,160,TikTok,8,1,8,7,8,Yes,4,4,0,1,Yes,43
Male,Fall,Right,Sophomore,CLA,U.S.,Yes,Yes,Depends,None,55,YouTube,2,1.5,4,8,10,Yes,3.6,3,1,1,No,44
Female,Fall,Right,Sophomore,CLA,U.S.,Yes,No,Depends,None,0,Instagram,6,1,7,4,8,No,4,3.7,0,-1,No,44
Female,Fall,Right,Freshman,CLA,U.S.,Yes,Yes,Evening,1,45,Instagram,2,2,4,7,8,Yes,3.92,0,0,0,No,45
Female,Fall,Right,Junior,CLA,U.S.,No,No,Depends,1,180,WhatsApp,2,2,3,8,10,Yes,4,0,5,0,No,45
Female,Summer,Right,Junior,CLA,U.S.,Yes,No,Depends,None,30,TikTok,3,1,5,6,8,Yes,3.7,3.7,0,0,No,45
Male,Summer,Right,Sophomore,CLA,U.S.,Yes,Yes,Depends,None,0,Instagram,4,1,4,7,11,Yes,0,3.6,0,1,No,45
Male,Summer,Right,Sophomore,CLA,U.S.,Yes,Yes,Morning,1,35,Instagram,4,1.5,5,7,10,Yes,3.7,3.2,0,1,Yes,45
Female,Fall,Right,Freshman,CLA,U.S.,Yes,Yes,Evening,None,30,YouTube,8,3,7,7,9,Not sure,4,0,0,0,No,46
Female,Fall,Right,Freshman,CLA,U.S.,Yes,No,Evening,None,60,TikTok,1,1,3,8,9,Not sure,3.89,0,0,0,No,47
Female,Fall,Right,Freshman,CLA,U.S.,No,Yes,Depends,1,25,Others,2,1,3,6,9,Yes,3.75,0,0,0,No,47
Male,Winter,Right,Sophomore,CLA,U.S.,Yes,Yes,Depends,1,20,TikTok,4,2,3,7,10,Not sure,3.2,3.6,0,-1,No,47
Female,Summer,Right,Freshman,CLA,U.S.,Yes,Yes,Evening,None,25,Instagram,4,2,2,8,6,Yes,3.6,0,2,1,Yes,47
Male,Fall,Right,Sophomore,CLA,U.S.,Yes,No,Depends,3,20,Twitter,2,4,2,6,8,Yes,0,3.6,0,0,No,48
Female,Summer,Right,Sophomore,CLA,U.S.,No,No,Depends,1,35,Instagram,3,1,3,6.5,9,Yes,4,3.78,1,0,No,48
Male,Summer,Right,Freshman,CLA,U.S.,Yes,Yes,Depends,None,50,Instagram,3,2,3,7,8,Not sure,3.7,0,0,0,No,48
Male,Fall,Right,Sophomore,CLA,U.S.,Yes,Yes,Morning,None,40,Instagram,4,2,5,8,9,Yes,3.5,3.4,0,0,Yes,48
Other/Prefer not to answer,Winter,Right,Others (PSEO or Post graduate),CLA,U.S.,No,No,Evening,None,50,Others,7,0,5,8,8,Yes,4,3.42,0,-1,No,48
Male,Fall,Right,Junior,CLA,U.S.,No,No,Depends,None,26,Instagram,1.5,2,4,7,8,Yes,3.92,3.95,0,1,No,49
Male,Spring,Right,Freshman,CLA,U.S.,Yes,No,Evening,None,15,YouTube,2,5,7,6,6,No,3.4,0,0,-1,No,49
Male,Fall,Right,Sophomore,CLA,U.S.,Yes,Yes,Evening,1,17,TikTok,3,1,2,9,9,Yes,3.9,3.5,0,0,Yes,49
Female,Fall,Right,Junior,CLA,International,No,Yes,Evening,2,30,Instagram,1,1,1,7,9,No,0,0,0,0,No,50
Female,Fall,Right,Sophomore,CLA,U.S.,Yes,Yes,Depends,None,60,Instagram,1,1,5,8,8,Not sure,4,4,0,0,Yes,50
Male,Fall,Right,Junior,CLA,U.S.,No,Yes,Evening,None,20,YouTube,2,2,3,7,9,Yes,4,3.6,2,0,Yes,50
Male,Summer,Right,Sophomore,CLA,U.S.,Yes,Yes,Morning,4 or more,20,Instagram,2.5,1,5,7,10,Yes,3.6,2.9,0,0,Yes,50
Male,Fall,Right,Sophomore,CLA,U.S.,No,No,Depends,2,20,Twitter,3,1,2,8,8,Yes,3.4,3.7,0,-1,No,50
Female,Fall,Right,Junior,CLA,International,No,No,Evening,None,0,Others,4,1,10,7,10,No,0,0,0,1,No,50
Male,Summer,Right,Freshman,CLA,U.S.,Yes,No,Depends,None,20,TikTok,4,1.5,2,7,8,Not sure,3.7,0,0,1,No,50
Male,Winter,Right,Junior,CLA,U.S.,Yes,Yes,Depends,None,25,Others,4,2,4,6,7,Yes,3.5,2.5,0,1,No,50
Female,Fall,Right,Junior,CLA,International,No,No,Evening,3,300,Instagram,4,1.5,6,6,8,Not sure,3.9,4,0,-1,No,50
Female,Fall,Right,Senior,CLA,U.S.,Yes,Yes,Evening,1,16,Instagram,5,3,5,3,5,No,3.7,0,0,3,No,50
Other/Prefer not to answer,Fall,Right,Freshman,CLA,U.S.,Yes,Yes,Evening,None,0,TikTok,6,3,2,6,9,Yes,3.6,0,0,1,No,50
Male,Fall,Right,Freshman,CLA,U.S.,Yes,Yes,Depends,2,25,Instagram,3,1,3,7,7,Yes,3.6,0,0,-1,No,51
Female,Fall,Right,Sophomore,CLA,U.S.,Yes,Yes,Morning,None,40,Instagram,4,3,4,7,7,Not sure,3.9,3.2,3,0,Yes,51
Female,Summer,Right,Sophomore,CLA,U.S.,Yes,Yes,Depends,1,25,Others,1,1,6,7,9,Not sure,3.6,3.5,1,0,No,52
Female,Fall,Right,Freshman,CLA,U.S.,No,Yes,Evening,None,50,TikTok,2,1,3,7,10,Yes,3.9,0,0,0,No,52
Female,Fall,Right,Freshman,CLA,U.S.,Yes,Yes,Evening,1,120,TikTok,2,0,5,7.5,8,Yes,3.92,0,0,1,No,52
Male,Winter,Right,Junior,CLA,U.S.,Yes,No,Depends,2,0,TikTok,10,0,5,6,7,Yes,2.7,0,0,0,No,52
Male,Winter,Right,Junior,CLA,U.S.,Yes,No,Evening,2,0,TikTok,10,0,5,6,7,Yes,2.7,0,0,0,No,52
Female,Fall,Right,Freshman,CLA,U.S.,Yes,No,Depends,1,6,Instagram,1,1,3,8,10,Not sure,3.5,0,0,0,No,53
Male,Winter,Left,Sophomore,CLA,U.S.,Yes,No,Morning,None,29,YouTube,1,2,2,6,6,No,3.3,0,0,1,No,53
Male,Summer,Left,Sophomore,CLA,U.S.,No,No,Evening,None,35,Facebook,4,2,2,6,8,Yes,3.76,2.1,0,1,Yes,53
Male,Winter,Right,Sophomore,CLA,U.S.,Yes,Yes,Morning,4 or more,25,TikTok,6,2,5,7,6,Yes,3.7,3,0,0,Yes,53
Female,Fall,Right,Sophomore,CLA,U.S.,Yes,No,Evening,None,75,Others,3,2,5,6,8,Not sure,3.4,3.6,1,0,Yes,54
Female,Fall,Right,Sophomore,CLA,U.S.,Yes,No,Evening,None,75,YouTube,3,2,5,6,7,Not sure,3.4,3.6,1,0,No,54
Male,Fall,Right,Sophomore,CLA,U.S.,Yes,Yes,Morning,2,50,Instagram,4,1,4,6,8,Yes,3.4,3.1,0,0,No,54
Other/Prefer not to answer,Winter,Right,Sophomore,CLA,U.S.,Yes,Yes,Evening,None,65,Others,3,0.5,1,8,8,Yes,0,0,0,0,No,55
Female,Fall,Right,Sophomore,CLA,U.S.,No,Yes,Evening,1,24,Others,2,2,3,7,7,Yes,3.8,3,0,0,No,56
Female,Fall,Right,Sophomore,CLA,U.S.,Yes,No,Evening,None,30,TikTok,3,1,6,8,10,Yes,3.9,3.4,3,1,No,56
Male,Fall,Right,Freshman,CLA,U.S.,Yes,No,Depends,1,0,Instagram,3,3,5,8,7,Not sure,3.62,4,0,0,No,57
Male,Fall,Right,Junior,CLA,U.S.,Yes,Yes,Depends,2,15,YouTube,4,1,3,5,6,Yes,3.7,2.8,3,-1,No,57
Female,Summer,Right,Junior,CLA,U.S.,Yes,No,Depends,1,110,Instagram,2,1,6,8,7,Yes,3.7,3.4,2,0,No,58
Female,Fall,Right,Sophomore,CLA,U.S.,Yes,Yes,Evening,3,120,TikTok,2,2,10,8,9,Yes,3.98,3.4,6,2,No,58
Female,Summer,Right,Junior,CLA,U.S.,Yes,No,Evening,1,80,TikTok,4,1,4,7,7,Not sure,3.96,3.88,0,0,No,58
Female,Fall,Right,Freshman,CLA,U.S.,Yes,No,Evening,1,50,YouTube,6,0,3,7,8,Not sure,3.55,0,0,-1,No,58
Female,Summer,Left,Junior,CLA,International,No,No,Depends,3,80,Instagram,4,1,5,10,10,No,3.5,3,0,0,No,59
Male,Fall,Right,Sophomore,CLA,U.S.,Yes,Yes,Depends,None,40,Instagram,2,2,2,7,7,Yes,3.7,3.4,0,0,Yes,60
Male,Summer,Right,Freshman,CLA,U.S.,Yes,Yes,Morning,1,18,Instagram,3,1,5,7,9,Yes,4,4,0,0,No,60
Female,Summer,Right,Sophomore,CLA,U.S.,Yes,No,Morning,None,140,Twitter,5,1,3,6,7,Yes,3.9,2.9,0,0,No,60
Male,Summer,Right,Sophomore,CLA,U.S.,Yes,Yes,Morning,None,30,YouTube,2,1,2,7,9,Yes,3.8,3.8,0,0,No,61
Male,Summer,Right,Sophomore,CLA,U.S.,No,Yes,Morning,1,40,Instagram,3,2,6,7,6,Yes,3.2,2.7,0,0,No,62
Male,Fall,Right,Sophomore,CLA,U.S.,Yes,No,Depends,None,0,Others,2,2,1,7,8,Yes,2.7,3.75,5,1,Yes,63
Male,Fall,Right,Freshman,CLA,U.S.,Yes,Yes,Depends,2,30,TikTok,2,1,3,8,6,Yes,3.6,0,0,-1,No,64
Male,Summer,Right,Junior,CLA,U.S.,Yes,Yes,Morning,None,25,Instagram,3,2,2,8,8,Yes,3.4,2.4,1,1,No,64
Male,Fall,Left,Junior,CLA,U.S.,No,No,Evening,1,30,Facebook,3,1,3,6,10,Yes,3.2,0,0,0,No,64
Female,Fall,Right,Sophomore,CLA,U.S.,Yes,No,Evening,1,0,YouTube,3.5,0.5,3,7,5,Yes,3.1,3,0,0,No,64
Female,Spring,Right,Sophomore,CLA,U.S.,Yes,No,Morning,None,0,Others,3,0.5,3,7,10,Not sure,3.4,3.1,0,5,Yes,65
Female,Summer,Right,Senior,CLA,U.S.,Yes,No,Morning,1,0,Others,3,3,2,5,6,Yes,4,2.8,12,7,No,65
Male,Fall,Right,Freshman,CLA,U.S.,No,Yes,Morning,None,30,YouTube,3,1,6,7,8,No,4,0,0,0,Yes,65
Female,Fall,Right,Sophomore,CLA,U.S.,No,Yes,Evening,None,0,YouTube,4,1,6,7,9,No,4,0,0,0,No,65
Female,Winter,Right,Freshman,CLA,U.S.,No,Yes,Morning,None,100,Others,6,1,3,8,10,Yes,3.8,0,0,0,No,67
Female,Fall,Right,Freshman,CLA,U.S.,Yes,Yes,Depends,None,50,TikTok,1,2,4,7,7,Not sure,3.2,0,0,0,No,68
Female,Fall,Right,Freshman,CLA,U.S.,Yes,Yes,Depends,None,48,Instagram,1.25,1,3,8,9.5,Yes,3.451,3.66,0,0,No,72
Female,Summer,Right,Freshman,CLA,U.S.,No,Yes,Evening,1,50,TikTok,2,2,5,8,7,No,3.9,0,0,1,Yes,72
Male,Spring,Right,Junior,CLA,International,No,No,Morning,2,25,YouTube,1.5,2,4,6,7,Not sure,3.8,2.8,0,0,No,77
Female,Fall,Right,Sophomore,CLA,U.S.,Yes,Yes,Evening,2,60,Facebook,2,2,15,7,6,Yes,3.925,4,0,0,No,82
Female,Winter,Right,Freshman,CLA,U.S.,No,Yes,Evening,None,0,Others,3,1.5,4,7,8,No,3.9,0,0,0,No,85
Male,Summer,Right,Sophomore,CLA,U.S.,Yes,Yes,Morning,None,0,Instagram,3,5,3,4,8,Yes,3.6,3.5,0,3,Yes,86
Male,Fall,Right,Freshman,CLA,International,No,Yes,Evening,1,0,Others,3,1,4,6,10,No,0,0,0,-1,No,122
Male,Summer,Right,Freshman,CLA,International,No,Yes,Evening,None,5,Others,2,0.5,5,7,8,No,0,0,0,-1,No,123
Male,Fall,Right,Sophomore,CLA,U.S.,Yes,No,Morning,2,30,YouTube,2,0.5,2,7,7,Not sure,3.75,3.5,0,0,Yes,135
Female,Winter,Left,Freshman,CLA,U.S.,No,Yes,Evening,4 or more,30,TikTok,2,1,2,7,9,Yes,3.9,0,1,0,Yes,170
Female,Fall,Right,Freshman,CLA,U.S.,Yes,Yes,Evening,1,45,Instagram,1,2,4,7,8,Yes,3.9,0,0,0,No,
Female,Fall,Right,Freshman,CLA,U.S.,No,Yes,Depends,1,25,Others,2,1,4,6,8,Yes,3.75,0,0,0,No,
Male,Summer,Right,Sophomore,CLA,U.S.,No,No,Evening,1,30,YouTube,3,1,2,7,9,Yes,3.6,3.5,1,0,Yes,
Male,Fall,Right,Sophomore,CLA,Prefer not to answer,No,No,Depends,None,35,YouTube,3,0.5,7,8,8,No,3.1,3.2,0,-1,No,
Female,Summer,Right,Freshman,CLA,U.S.,Yes,Yes,Depends,None,120,TikTok,4,2,6,8,6,Not sure,3.9,0,0,0,Yes,
Female,Fall,Right,Sophomore,CSE,U.S.,Yes,Yes,Evening,1,250,TikTok,3,1,3,7,9,Yes,3.82,0,0,0,No,20
Male,Fall,Right,Sophomore,CSE,U.S.,No,No,Depends,1,35,TikTok,2,2,6,7,8,Yes,3.97,3.504,0,0,No,28
Female,Fall,Left,Senior,CSE,U.S.,Yes,Yes,Depends,1,60,TikTok,1,1,4,7,9,Yes,4,2.9,0,0,No,39
Female,Winter,Right,Sophomore,CSE,U.S.,Yes,No,Depends,None,0,Others,2,2,5,8,8,Not sure,0,3.173,0,-1,No,42
Female,Fall,Right,Sophomore,CSE,U.S.,Yes,Yes,Depends,None,50,TikTok,2,1,5,4,7,Yes,4,3.3,3,1,Yes,43
Male,Summer,Right,Freshman,CSE,U.S.,Yes,Yes,Morning,2,25,YouTube,2,1,4,7,9,Not sure,4,4,0,0,No,44
Female,Fall,Right,Sophomore,CSE,U.S.,Yes,Yes,Morning,2,250,TikTok,5,1,3,9,11,Yes,3.9,3.5,2,0,Yes,52
Male,Winter,Right,Sophomore,CSE,U.S.,No,Yes,Morning,1,65,Instagram,2,2,2,8,8,Yes,4,3.4,0,0,No,54
Male,Fall,Right,Senior,CSE,U.S.,No,No,Morning,None,22,YouTube,0.25,1,3,7.5,8.5,No,4,4,0,0,No,56
Female,Summer,Right,Others (PSEO or Post graduate),CSE,International,No,No,Morning,1,60,Facebook,0.5,0,1,7,8,No,3.7,3.9,0,1,No,64
Female,Spring,Right,Sophomore,CSE,U.S.,Yes,No,Depends,None,70,TikTok,2.5,1,5,7,8,Yes,3.9,2.9,0,0,No,107
Male,Fall,Right,Others (PSEO or Post graduate),Others,U.S.,Yes,No,Depends,None,0,YouTube,1,1,5,7,7,Yes,0,0,0,0,No,13.7
Female,Spring,Right,Senior,Others,U.S.,Yes,No,Depends,None,175,Instagram,5,2,5,6,8,Not sure,3.5,3.6,0,0,No,22
Female,Summer,Right,Senior,Others,U.S.,No,No,Evening,None,60,Instagram,5,1,3,7,8,Not sure,3.8,3.8,0,0,Yes,24
Male,Summer,Right,Senior,Others,International,No,No,Morning,None,36,Others,0.25,1,4,5,5,Yes,3.8,3,0,2,No,27
Female,Summer,Right,Junior,Others,U.S.,Yes,No,Depends,None,45,Instagram,4,1,6,8,8,Yes,3.9,3.7,7,2,No,27
Male,Fall,Right,Sophomore,Others,U.S.,No,No,Morning,3,20,Twitter,4,1,4,8,8,No,3.5,3.8,0,0,Yes,28
Female,Summer,Left,Sophomore,Others,U.S.,No,Yes,Evening,3,65,Instagram,4,0,3,6,8,Yes,4,3.8,6,4,No,28
Female,Summer,Right,Sophomore,Others,U.S.,Yes,Yes,Depends,None,168,TikTok,2,1,3,8,10,Yes,4,3.2,0,0,No,30
Female,Spring,Right,Freshman,Others,U.S.,No,Yes,Morning,4 or more,30,Instagram,4,1,2,7,8,Not sure,0,0,0,-1,No,32
Female,Fall,Right,Freshman,Others,U.S.,Yes,Yes,Evening,1,85,TikTok,4,4,3,7,9,Yes,3.8,0,0,0,No,34
Female,Fall,Right,Sophomore,Others,U.S.,Yes,No,Evening,None,0,Instagram,5,0,2,7,8,Yes,3.9,2.9,2,0,No,34
Male,Fall,Right,Others (PSEO or Post graduate),Others,U.S.,Yes,No,Morning,2,30,Others,6,2,3,7,9,Yes,0,0,0,0,Yes,36
Male,Fall,Right,Others (PSEO or Post graduate),Others,U.S.,Yes,No,Morning,1,30,Others,6,2,3,8,6,Yes,0,0,0,0,No,37
Male,Summer,Left,Junior,Others,U.S.,No,Yes,Morning,1,26,Twitter,2,2,2,8,6,Yes,3.5,3,0,0,No,38
Male,Fall,Right,Sophomore,Others,U.S.,Yes,No,Depends,1,28,YouTube,2.5,2,4,6,8,Yes,3.91,3.45,0,3,No,39
Female,Summer,Right,Sophomore,Others,U.S.,Yes,Yes,Evening,None,0,Instagram,2,1,6,7,10,Yes,3.7,3.5,0,0,Yes,40
Female,Summer,Right,Sophomore,Others,U.S.,No,No,Evening,2,150,TikTok,2,3,3,8,10,Yes,3.8,3.7,0,1,No,40
Female,Winter,Right,Sophomore,Others,U.S.,Yes,No,Morning,None,30,Instagram,3,0,3,7,8,Not sure,3.8,3.6,0,0,No,40
Male,Fall,Right,Junior,Others,U.S.,Yes,No,Evening,2,35,Instagram,1,2,3,7,9,Yes,3.9,3.95,0,3,No,41
Female,Winter,Right,Sophomore,Others,U.S.,Yes,Yes,Evening,2,0,YouTube,4,2,3,6,9,Not sure,3.7,2.6,0,-1,No,42
Male,Fall,Right,Others (PSEO or Post graduate),Others,International,No,No,Depends,None,5,Instagram,4,1,4,8,9,Not sure,0,3.9,0,-1,No,42
Male,Summer,Right,Sophomore,Others,U.S.,Yes,Yes,Morning,1,32,Instagram,4,1,8,6,7,Yes,3.9,3.3,0,0,No,42
Female,Summer,Left,Sophomore,Others,U.S.,Yes,No,Evening,1,35,TikTok,4,1.5,8,7,7,Not sure,3.8,3.92,0,0,No,43
Female,Winter,Right,Sophomore,Others,U.S.,Yes,Yes,Morning,1,55,Instagram,4,2,6,10,7,Yes,3.98,3.7,4,0,Yes,43
Female,Fall,Right,Senior,Others,U.S.,Yes,No,Depends,2,175,WhatsApp,1,1,4,7,9,Not sure,0,3.85,0,1,No,45
Female,Summer,Left,Sophomore,Others,U.S.,No,Yes,Depends,1,50,TikTok,2,2,4,8,8,Not sure,4,3.5,0,0,No,45
Female,Summer,Right,Sophomore,Others,U.S.,No,Yes,Depends,2,40,TikTok,3,1.5,3,7,8,Not sure,0,3.77,0,0,No,45
Male,Summer,Right,Senior,Others,U.S.,No,No,Morning,None,40,TikTok,3,5,3,7,9,Not sure,3.5,3.49,0,0,Yes,46
Male,Fall,Right,Sophomore,Others,U.S.,Yes,No,Evening,1,0,Twitter,1,2,3,8,8,Not sure,3.6,3.8,0,1,No,48
Female,Fall,Right,Others (PSEO or Post graduate),Others,U.S.,Yes,No,Evening,2,200,Twitter,3,1,5,6,11,Yes,3.99,4,0,0,No,48
Male,Spring,Right,Others (PSEO or Post graduate),Others,U.S.,Yes,No,Morning,1,20,Instagram,3,0.5,3,6,7,Not sure,3.981,0,0,0,No,49
Male,Fall,Right,Senior,Others,International,No,No,Morning,1,25,YouTube,1,1,3,9,10,Yes,4,3.95,0,0,No,50
Male,Fall,Left,Sophomore,Others,U.S.,Yes,No,Morning,None,0,YouTube,2,2,3,6,6,Not sure,0,0,2,5,Yes,50
Male,Fall,Right,Freshman,Others,U.S.,Yes,No,Evening,None,45,Others,2,1,5,8,10,Yes,3.4,3.7,0,-1,No,50
Female,Summer,Right,Sophomore,Others,U.S.,Yes,Yes,Evening,None,0,Others,5,1,6,7,9,Yes,3.8,3.9,0,0,Yes,50
Female,Fall,Right,Junior,Others,U.S.,Yes,No,Depends,None,100,Others,4,1,6,7,10,Yes,3.1,3.5,0,0,No,54
Male,Winter,Right,Others (PSEO or Post graduate),Others,U.S.,Yes,No,Evening,2,10,TikTok,3,2,4,5,12,Not sure,3.91,0,0,0,No,55
Female,Summer,Right,Others (PSEO or Post graduate),Others,International,Yes,No,Depends,None,45,TikTok,3,1,8,5,9,Not sure,3.99,0,0,-1,No,60
Female,Summer,Right,Sophomore,Others,U.S.,No,No,Morning,2,150,Instagram,3,1,7,8,9,Yes,3.8,3.6,0,0,No,60
Male,Summer,Right,Sophomore,Others,U.S.,Yes,Yes,Evening,None,24,YouTube,5,2,3,7,10,No,3.72,3.75,0,0,No,62
Male,Winter,Right,Others (PSEO or Post graduate),Others,U.S.,Yes,No,Evening,2,0,YouTube,1,2,1,8,9,No,4,0,0,0,No,65
Female,Fall,Right,Freshman,Others,U.S.,No,Yes,Depends,1,130,Instagram,2,2.5,5,9,9,Yes,3.4,0,2,0,No,68
Other/Prefer not to answer,Fall,Right,Freshman,Others,U.S.,Yes,No,Depends,None,45,TikTok,2,1,4,7,10,Yes,3.7,4,0,-1,No,72
Female,Fall,Right,Freshman,Others,U.S.,Yes,Yes,Evening,1,12,TikTok,4,3,6,8,8,Yes,3.89,0,0,1,No,72
Male,Summer,Right,Junior,Others,U.S.,Yes,Yes,Depends,None,0,TikTok,5,2,6,6,7,Yes,4,3.9,0,0,No,72
Female,Fall,Right,Sophomore,Others,U.S.,Yes,No,Depends,1,25,Instagram,0.5,1,2,6,8,Yes,3.9,3.4,2,0,Yes,83
Male,Fall,Left,Freshman,Others,U.S.,Yes,Yes,Evening,2,24,Instagram,3,1,3,7,9,Yes,3.6,0,2,0,Yes,150
Male,Fall,Right,Junior,Others,U.S.,Yes,Yes,Morning,None,20,Instagram,3,1,1,8,9,Yes,3.5,3.5,0,1,No,
Female,Fall,Right,Sophomore,Others,U.S.,Yes,Yes,Depends,2,20,Instagram,3,1,4,6,9,Yes,3.8,3.2,0,0,No,47
